common_name,latin_name,functional_type,lifeform_description,event,cohort,pr_model,group,group_type,reg2_type,si_model,t0,T_base,t0_chill,T_min,T_opt,T_max,C_req,f,F_crit,alpha,p_alpha,beta,p_beta,gamma,p_gamma,delta,p_delta,mae,mbe
Red Maple,Acer rubrum,Deciduous broadleaf,tree,leaf,Middle leaf,TT,,,MAT,NOSPL_REG2MAT,62,0.445100521,NA,NA,NA,NA,NA,NA,224.2802821,6.011382237,0,0.016370613,3.47E-139,-6.689296787,9.86E-12,0.59673806,1.67E-11,9.548998945,0.505748074
Sugar Maple,Acer saccharum,Deciduous broadleaf,tree,leaf,Middle leaf,TT,,,MAT,NOSPL_REG2MAT,62,2.906876008,NA,NA,NA,NA,NA,NA,120.8501745,6.65541814,0,0.009885124,3.29E-11,-21.23706522,2.26E-42,2.442971404,5.25E-45,8.839437814,-0.433789207
Tuliptree,Liriodendron tulipifera,Deciduous broadleaf,tree,leaf,Early leaf,TT,,,MAT,NOSPL_REG2MAT,62,0.001424363,NA,NA,NA,NA,NA,NA,223.886672,7.836089909,1.61E-192,0.006165827,1.21E-07,-24.03848836,4.77E-09,1.841121981,1.72E-09,9.057811267,0.418704559
American Beech,Fagus grandifolia,Deciduous broadleaf,tree,leaf,Late leaf,TT,,,MAT,NOSPL_REG2MAT,62,1.854972295,NA,NA,NA,NA,NA,NA,150.7019395,6.27845823,8.65E-249,0.008330419,1.35E-16,-12.34151974,2.98E-15,1.336668379,8.97E-18,8.218885791,-0.067773376
Northern Red Oak,Quercus rubra,Deciduous broadleaf,tree,leaf,Late leaf,TT,,,MAT,NOSPL_REG2MAT,62,0.397226063,NA,NA,NA,NA,NA,NA,247.2025483,6.390458359,8.26E-197,0.007929597,1.28E-10,-13.27140943,6.75E-08,1.456490589,1.16E-08,8.331742529,0.236237673
Sweetgum,Liquidambar styraciflua,Deciduous broadleaf,tree,leaf,Middle leaf,SQ,lat2_ge40N,LAT2,,SPLLAT2,62,0.326149302,29.01524816,-4.689797753,-1.265661417,14.27350946,3.001494875,NA,315.4786919,6.215780424,1.23E-12,0.014767538,0.009477811,NA,NA,NA,NA,7.666666667,-1.6
Sweetgum,Liquidambar styraciflua,Deciduous broadleaf,tree,leaf,Middle leaf,TT,lat2_lt40N,LAT2,,SPLLAT2,62,0.443784723,NA,NA,NA,NA,NA,NA,281.118279,8.229662357,5.20E-116,0.00482359,4.34E-07,NA,NA,NA,NA,6.181818182,-0.200956938
Flowering Dogwood,Cornus florida,Deciduous broadleaf,shrub or tree,leaf,Middle leaf,TT,,,MAT,NOSPL_REG2MAT,62,0.479356256,NA,NA,NA,NA,NA,NA,231.3977328,7.63199931,6.05E-108,0.004680529,0.002843477,-36.33457423,5.73E-10,2.749966753,8.22E-10,9.000448001,-1.335566967
Quaking Aspen,Populus tremuloides,Deciduous broadleaf,tree,leaf,Middle leaf,TT,,,MAT,NOSPL_REG2MAT,62,7.118001043,NA,NA,NA,NA,NA,NA,50.28346887,6.37600027,2.28E-147,0.010877144,0.027734973,-18.01737667,9.77E-12,2.826106942,9.24E-13,10.19512165,1.22783128
White Oak,Quercus alba,Deciduous broadleaf,tree,leaf,Late leaf,TT,,,MAT,NOSPL_REG2MAT,62,8.324760904,NA,NA,NA,NA,NA,NA,61.64527255,6.410437953,2.48E-139,0.024289334,2.09E-11,-21.96511208,1.85E-13,2.098828577,1.78E-14,8.814017564,-1.435939108
Striped Maple,Acer pensylvanicum,Deciduous broadleaf,tree,leaf,Late leaf,PTT,,,,NOSPL,62,1.454851389,NA,NA,NA,NA,NA,NA,99.36719357,5.809581763,1.79E-153,0.034524616,2.75E-38,NA,NA,NA,NA,5.725609756,-1.506097561
Black Cherry,Prunus serotina,Deciduous broadleaf,tree,leaf,Middle leaf,PTT,,,,NOSPL,62,7.448357502,NA,NA,NA,NA,NA,NA,28.7716624,6.447963864,1.75E-136,0.08588742,9.70E-33,NA,NA,NA,NA,9.751633987,-0.405228758
Yellow Birch,Betula alleghaniensis,Deciduous broadleaf,tree,leaf,Late leaf,TT,,,MAT,NOSPL_REG2MAT,62,8.633119508,NA,NA,NA,NA,NA,NA,19.74346542,6.265527728,5.67E-130,0.009824308,0.018096537,-20.17868872,4.63E-14,2.707678762,3.62E-15,8.315466451,-0.580875353
Northern Spicebush,Lindera benzoin,Deciduous broadleaf,shrub or tree,leaf,Very Early leaf,TT,,,LAT,NOSPL_REG2LAT,62,1.253470673,NA,NA,NA,NA,NA,NA,136.2692121,7.828917107,1.21E-68,0.012505789,5.53E-05,61.94325676,0.001855328,-1.554897319,0.002043856,8.505740859,2.536988018
Eastern Redbud,Cercis canadensis,Deciduous broadleaf,tree,leaf,Late leaf,PTT,,,,NOSPL,62,4.180325838,NA,NA,NA,NA,NA,NA,130.4621521,6.055735098,2.22E-57,0.048650686,2.33E-18,NA,NA,NA,NA,9.372340426,-2.35106383
American Hornbeam,Carpinus caroliniana,Deciduous broadleaf,tree,leaf,Early leaf,PTT,,,,NOSPL,62,4.417780959,NA,NA,NA,NA,NA,NA,56.99971405,7.681815594,8.98E-65,0.025888841,1.26E-09,NA,NA,NA,NA,9.694117647,0.988235294
Forsythia,Forsythia spp.,Deciduous broadleaf,shrub,leaf,Early leaf,TT,,,MAT,NOSPL_REG2MAT,62,4.244996751,NA,NA,NA,NA,NA,NA,87.32131075,6.476258759,6.10E-59,0.029782213,1.71E-06,-18.28671558,4.30E-04,2.006716123,3.06E-04,10.05795901,0.363003344
Eastern Cottonwood,Populus deltoides,Deciduous broadleaf,tree,leaf,Late leaf,TT,,,MAT,NOSPL_REG2MAT,62,3.357604052,NA,NA,NA,NA,NA,NA,73.20591219,6.994710635,1.96E-70,0.005982823,0.00721259,-13.28792667,0.006756095,1.229693811,0.004443684,8.846793538,-0.775161136
Boxelder,Acer negundo,Deciduous broadleaf,tree,leaf,Early leaf,TT,,,,NOSPL,62,7.317470021,NA,NA,NA,NA,NA,NA,60.1373661,7.167884721,1.89E-35,0.028086133,0.00536521,NA,NA,NA,NA,9.635135135,-1.310810811
Common Snowberry,Symphoricarpos albus,Deciduous broadleaf,shrub,leaf,Very Early leaf,M1,,,,NOSPL,62,0.499947384,NA,NA,NA,NA,NA,0.926196414,314.6733767,4.425665617,1.46E-06,0.083531849,2.96E-13,NA,NA,NA,NA,13.5,-1.541666667
Chokecherry,Prunus virginiana,Deciduous broadleaf,tree,leaf,Early leaf,TT,lat2_ge40N,LAT2,ELEV,SPLLAT2_REG2ELEV,62,0.046488938,NA,NA,NA,NA,NA,NA,158.0802339,6.395483688,5.79E-20,0.019617415,0.001013299,-6.231128583,0.039344643,0.011362313,0.006758542,10.11165691,-1.953446158
Chokecherry,Prunus virginiana,Deciduous broadleaf,tree,leaf,Early leaf,TT,lat2_lt40N,LAT2,,SPLLAT2,62,5.472672583,NA,NA,NA,NA,NA,NA,95.02111801,4.795347195,2.39E-04,0.063609826,0.042256204,NA,NA,NA,NA,13.81818182,3.636363636
Green Ash,Fraxinus pennsylvanica,Deciduous broadleaf,tree,leaf,Late leaf,TT,,,LAT,NOSPL_REG2LAT,62,0.365656961,NA,NA,NA,NA,NA,NA,249.5042809,6.021120389,5.98E-25,0.010419632,0.014192762,48.26402646,0.034148448,-1.126491554,0.030711123,7.377446439,-0.467277215
Red Maple,Acer rubrum,Deciduous broadleaf,tree,bloom,Very Early bloom,SQ,lat2_ge40N,LAT2,,SPLLAT2,62,0.241853783,46.14644242,-1.883450124,4.948384761,14.2553575,0.068974039,NA,134.546106,6.123456537,0,0.029816647,1.32E-60,NA,NA,NA,NA,6.624697337,-0.305084746
Red Maple,Acer rubrum,Deciduous broadleaf,tree,bloom,Very Early bloom,PTT,lat2_lt40N,LAT2,,SPLLAT2,62,0.128023788,NA,NA,NA,NA,NA,NA,122.7766641,6.426519239,3.03E-75,0.061121692,3.90E-50,NA,NA,NA,NA,10.25461255,0.535055351
Sugar Maple,Acer saccharum,Deciduous broadleaf,tree,bloom,Early bloom,TT,,,MAT,NOSPL_REG2MAT,62,1.510021609,NA,NA,NA,NA,NA,NA,160.5469587,6.199136447,9.19E-161,0.011304803,2.03E-12,-10.03066307,2.33E-07,1.284150189,1.00E-08,7.266075506,-0.006001413
Flowering Dogwood,Cornus florida,Deciduous broadleaf,shrub or tree,bloom,Middle bloom,TT,,,LAT,NOSPL_REG2LAT,62,2.387599391,NA,NA,NA,NA,NA,NA,349.6943461,6.232085647,1.44E-112,0.010647525,8.28E-14,67.00855477,1.06E-11,-1.764312495,1.05E-11,8.134343778,-1.843351571
Northern Red Oak,Quercus rubra,Deciduous broadleaf,tree,bloom,Middle bloom,TT,,,MAT,NOSPL_REG2MAT,62,2.741823582,NA,NA,NA,NA,NA,NA,276.1447349,5.948631772,1.68E-138,0.006702895,3.67E-06,-12.011215,1.27E-05,1.368282794,2.18E-06,6.922569366,-2.097905704
Striped Maple,Acer pensylvanicum,Deciduous broadleaf,tree,bloom,Middle bloom,PTT,,,,NOSPL,62,0.036848318,NA,NA,NA,NA,NA,NA,183.2330063,5.475286862,7.48E-157,0.018347351,2.17E-38,NA,NA,NA,NA,4.920634921,-2.984126984
Black Cherry,Prunus serotina,Deciduous broadleaf,tree,bloom,Late bloom,TT,,,,NOSPL,62,9.44347557,NA,NA,NA,NA,NA,NA,176.9677373,4.528331589,2.27E-88,0.037279527,4.37E-31,NA,NA,NA,NA,7.594827586,-1.698275862
Northern Spicebush,Lindera benzoin,Deciduous broadleaf,shrub or tree,bloom,Very Early bloom,TT,,,LAT,NOSPL_REG2LAT,62,1.998049787,NA,NA,NA,NA,NA,NA,216.36801,6.732838234,5.42E-55,0.021198322,2.02E-09,82.51169914,6.49E-06,-2.080821587,7.57E-06,7.089490685,-0.159287884
Eastern Redbud,Cercis canadensis,Deciduous broadleaf,tree,bloom,Early bloom,PTT,,,,NOSPL,62,2.333166921,NA,NA,NA,NA,NA,NA,151.5703489,5.207966637,9.77E-40,0.061063985,3.59E-22,NA,NA,NA,NA,8.685393258,-2.415730337
Forsythia,Forsythia spp.,Deciduous broadleaf,shrub,bloom,Very Early bloom,M1,,,,NOSPL,62,1.281832855,NA,NA,NA,NA,NA,0.066232092,152.0094632,3.86185264,9.38E-11,4.304004055,3.38E-11,NA,NA,NA,NA,10,-0.790697674
American Beech,Fagus grandifolia,Deciduous broadleaf,tree,bloom,Middle bloom,TT,,,ELEV,NOSPL_REG2ELEV,62,0.005152865,NA,NA,NA,NA,NA,NA,310.039247,5.685882421,4.84E-73,0.007568276,7.84E-09,4.468875527,7.94E-04,-0.012886882,2.85E-06,9.192421283,1.068384141
White Oak,Quercus alba,Deciduous broadleaf,tree,bloom,Middle bloom,TT,,,,NOSPL,62,0.366783104,NA,NA,NA,NA,NA,NA,487.6042292,5.077886121,6.74E-53,0.013711266,3.30E-15,NA,NA,NA,NA,8.367088608,-1.455696203
Autumn Brilliance Serviceberry,Amelanchier grandiflora-autumnbrilliance,Deciduous broadleaf,tree,bloom,Early bloom,TT,,,,NOSPL,62,0.661977691,NA,NA,NA,NA,NA,NA,276.9091073,6.30711201,1.72E-42,0.007765565,0.036324495,NA,NA,NA,NA,5.730769231,-0.602564103
Beaked Hazelnut,Corylus cornuta,Deciduous broadleaf,shrub,bloom,Very Early bloom,PTT,,,ELEV,NOSPL_REG2ELEV,62,0.143828899,NA,NA,NA,NA,NA,NA,52.95230338,6.427864222,6.93E-72,0.076536905,1.76E-26,10.21734409,1.29E-04,-0.019659795,5.67E-04,5.800146608,-1.112856412
Eastern Cottonwood,Populus deltoides,Deciduous broadleaf,tree,bloom,Early bloom,TT,,,,NOSPL,62,0.026614203,NA,NA,NA,NA,NA,NA,206.8622342,6.682430254,8.16E-59,0.004991449,8.36E-04,NA,NA,NA,NA,10.16129032,-3.064516129
Boxelder,Acer negundo,Deciduous broadleaf,tree,bloom,Early bloom,PTT,,,,NOSPL,62,2.28008473,NA,NA,NA,NA,NA,NA,85.78046892,6.723075354,1.76E-43,0.018904416,0.001446479,NA,NA,NA,NA,10.33928571,-0.696428571
Common Snowberry,Symphoricarpos albus,Deciduous broadleaf,shrub,bloom,Late bloom,PTT,,,MAT,NOSPL_REG2MAT,62,1.77050403,NA,NA,NA,NA,NA,NA,506.4768746,3.929804101,4.87E-16,0.018233303,1.85E-04,-27.82090152,4.01E-06,2.624376872,2.29E-06,11.47316575,-0.079586875
Chokecherry,Prunus virginiana,Deciduous broadleaf,tree,bloom,Middle bloom,TT,lat2_ge40N,LAT2,,SPLLAT2,62,3.896407883,NA,NA,NA,NA,NA,NA,273.7957976,5.023876015,2.02E-21,0.016260172,0.005873859,NA,NA,NA,NA,8.705882353,0.294117647
Chokecherry,Prunus virginiana,Deciduous broadleaf,tree,bloom,Middle bloom,TT,lat2_lt40N,LAT2,,SPLLAT2,62,6.982214981,NA,NA,NA,NA,NA,NA,198.4126805,2.955800572,0.013308132,0.060047378,0.02608683,NA,NA,NA,NA,5.461538462,0.846153846
Paper Birch,Betula papyrifera,Deciduous broadleaf,tree,bloom,Early bloom,TT,,,,NOSPL,62,0.223887121,NA,NA,NA,NA,NA,NA,275.319372,5.416206005,6.83E-34,0.01898288,5.86E-06,NA,NA,NA,NA,8.755555556,2.088888889
Vine Maple,Acer circinatum,Deciduous broadleaf,tree,bloom,Middle bloom,TT,,,,NOSPL,62,1.56059978,NA,NA,NA,NA,NA,NA,441.6686166,6.085213191,2.96E-23,0.007161884,0.029536777,NA,NA,NA,NA,7.731707317,1
American Hornbeam,Carpinus caroliniana,Deciduous broadleaf,tree,bloom,Early bloom,TT,,,,NOSPL,62,0.022861439,NA,NA,NA,NA,NA,NA,436.9525058,7.188541163,1.53E-21,0.006576339,0.004300022,NA,NA,NA,NA,13.19512195,-1.682926829
